Filename,Predictions
1/image_06737.jpg,43
1/image_06743.jpg,33
1/image_06745.jpg,78
1/image_06746.jpg,87
1/image_06750.jpg,20
1/image_06757.jpg,52
1/image_06759.jpg,80
1/image_06768.jpg,82
1/image_06771.jpg,82
1/image_06772.jpg,30
10/image_07096.jpg,97
10/image_07098.jpg,38
10/image_07101.jpg,70
10/image_07104.jpg,81
10/image_07106.jpg,63
10/image_07113.jpg,49
10/image_07114.jpg,10
10/image_07120.jpg,64
10/image_08090.jpg,77
10/image_08091.jpg,31
10/image_08095.jpg,14
10/image_08096.jpg,41
100/image_07897.jpg,43
100/image_07903.jpg,48
100/image_07907.jpg,78
100/image_07908.jpg,6
100/image_07910.jpg,26
100/image_07911.jpg,83
100/image_07917.jpg,56
100/image_07926.jpg,2
100/image_07929.jpg,81
100/image_07931.jpg,28
100/image_07937.jpg,97
100/image_07939.jpg,80
101/image_07950.jpg,91
101/image_07955.jpg,5
101/image_07956.jpg,102
101/image_07958.jpg,15
101/image_07962.jpg,9
101/image_07964.jpg,35
101/image_07966.jpg,78
101/image_07969.jpg,76
101/image_07976.jpg,6
101/image_07977.jpg,77
101/image_07985.jpg,65
101/image_07993.jpg,74
101/image_07997.jpg,90
101/image_07998.jpg,70
102/image_08003.jpg,91
102/image_08004.jpg,2
102/image_08006.jpg,51
102/image_08013.jpg,75
102/image_08017.jpg,57
102/image_08028.jpg,6
102/image_08032.jpg,80
102/image_08033.jpg,7
102/image_08034.jpg,83
102/image_08039.jpg,75
102/image_08042.jpg,81
102/image_08047.jpg,91
11/image_03108.jpg,6
11/image_03112.jpg,21
11/image_03113.jpg,46
11/image_03122.jpg,41
11/image_03124.jpg,76
11/image_03125.jpg,23
11/image_03128.jpg,56
11/image_03143.jpg,77
11/image_03150.jpg,61
11/image_03152.jpg,51
11/image_03153.jpg,46
11/image_03161.jpg,8
11/image_03162.jpg,70
11/image_03165.jpg,29
11/image_03168.jpg,46
11/image_03172.jpg,14
11/image_03173.jpg,69
11/image_03179.jpg,59
12/image_04001.jpg,101
12/image_04002.jpg,52
12/image_04004.jpg,88
12/image_04007.jpg,51
12/image_04008.jpg,96
12/image_04011.jpg,83
12/image_04016.jpg,88
12/image_04023.jpg,92
12/image_04028.jpg,77
12/image_04037.jpg,13
12/image_04040.jpg,81
12/image_04046.jpg,65
12/image_04052.jpg,78
12/image_04068.jpg,38
12/image_04074.jpg,91
12/image_04080.jpg,94
13/image_05745.jpg,54
13/image_05749.jpg,77
13/image_05758.jpg,60
13/image_05759.jpg,61
13/image_05765.jpg,8
13/image_05770.jpg,74
13/image_05774.jpg,77
13/image_05775.jpg,8
13/image_05776.jpg,5
13/image_05778.jpg,30
13/image_05779.jpg,45
13/image_05791.jpg,80
14/image_06049.jpg,71
14/image_06055.jpg,46
14/image_06059.jpg,79
14/image_06061.jpg,46
14/image_06066.jpg,56
14/image_06069.jpg,80
14/image_06071.jpg,51
14/image_06087.jpg,37
15/image_06348.jpg,8
15/image_06351.jpg,83
15/image_06353.jpg,29
15/image_06354.jpg,91
15/image_06359.jpg,38
15/image_06365.jpg,29
15/image_06368.jpg,78
15/image_06370.jpg,46
15/image_06375.jpg,95
15/image_06386.jpg,102
15/image_06387.jpg,80
16/image_06654.jpg,78
16/image_06656.jpg,74
16/image_06657.jpg,80
16/image_06658.jpg,91
16/image_06660.jpg,63
16/image_06661.jpg,60
16/image_06664.jpg,79
16/image_06680.jpg,81
16/image_06687.jpg,28
16/image_06688.jpg,80
16/image_06690.jpg,77
16/image_06692.jpg,12
17/image_03828.jpg,91
17/image_03832.jpg,91
17/image_03835.jpg,91
17/image_03836.jpg,78
17/image_03837.jpg,77
17/image_03839.jpg,6
17/image_03840.jpg,52
17/image_03845.jpg,35
17/image_03848.jpg,29
17/image_03850.jpg,37
17/image_03851.jpg,60
17/image_03853.jpg,2
17/image_03854.jpg,46
17/image_03856.jpg,73
17/image_03862.jpg,41
17/image_03863.jpg,85
17/image_03864.jpg,78
17/image_03873.jpg,75
17/image_03882.jpg,47
17/image_03893.jpg,78
17/image_03894.jpg,64
17/image_03896.jpg,48
17/image_03905.jpg,100
17/image_03908.jpg,8
18/image_04247.jpg,65
18/image_04255.jpg,78
18/image_04258.jpg,91
18/image_04265.jpg,78
18/image_04277.jpg,13
18/image_04283.jpg,37
18/image_04285.jpg,71
18/image_04289.jpg,85
18/image_04291.jpg,77
18/image_04300.jpg,96
18/image_04301.jpg,6
18/image_04306.jpg,38
18/image_04307.jpg,75
18/image_04310.jpg,50
18/image_04319.jpg,32
18/image_04320.jpg,91
18/image_04321.jpg,60
18/image_04323.jpg,73
19/image_06154.jpg,77
19/image_06157.jpg,46
19/image_06167.jpg,60
19/image_06171.jpg,77
19/image_06176.jpg,83
19/image_06180.jpg,65
19/image_06183.jpg,59
19/image_06195.jpg,29
2/image_05089.jpg,77
2/image_05099.jpg,98
2/image_05101.jpg,78
2/image_05118.jpg,78
2/image_05129.jpg,101
2/image_05132.jpg,8
2/image_05133.jpg,78
2/image_05135.jpg,80
2/image_05136.jpg,58
2/image_05137.jpg,86
2/image_05142.jpg,6
20/image_04898.jpg,56
20/image_04901.jpg,101
20/image_04907.jpg,73
20/image_04908.jpg,81
20/image_04909.jpg,30
20/image_04914.jpg,12
20/image_04929.jpg,77
20/image_04930.jpg,51
20/image_04938.jpg,12
20/image_04941.jpg,44
20/image_04944.jpg,52
21/image_06774.jpg,77
21/image_06786.jpg,102
21/image_06791.jpg,38
21/image_06793.jpg,70
21/image_06795.jpg,59
21/image_06796.jpg,77
21/image_06800.jpg,77
21/image_06801.jpg,44
21/image_06806.jpg,81
21/image_06807.jpg,41
22/image_05341.jpg,13
22/image_05342.jpg,6
22/image_05349.jpg,52
22/image_05351.jpg,74
22/image_05353.jpg,64
22/image_05367.jpg,69
22/image_05370.jpg,33
22/image_05372.jpg,73
22/image_05375.jpg,91
22/image_05377.jpg,81
22/image_05389.jpg,74
23/image_03373.jpg,58
23/image_03374.jpg,38
23/image_03377.jpg,48
23/image_03378.jpg,32
23/image_03379.jpg,62
23/image_03382.jpg,94
23/image_03385.jpg,28
23/image_03387.jpg,54
23/image_03389.jpg,8
23/image_03396.jpg,55
23/image_03399.jpg,51
23/image_03400.jpg,85
23/image_03401.jpg,63
23/image_03402.jpg,70
23/image_03414.jpg,41
23/image_03415.jpg,51
23/image_03417.jpg,52
23/image_03422.jpg,56
23/image_03423.jpg,83
23/image_03425.jpg,35
23/image_03426.jpg,80
23/image_03428.jpg,81
23/image_03435.jpg,41
23/image_03440.jpg,55
23/image_03442.jpg,14
23/image_03447.jpg,59
23/image_03455.jpg,55
23/image_03456.jpg,51
23/image_03457.jpg,52
23/image_03459.jpg,77
24/image_06820.jpg,95
24/image_06832.jpg,69
24/image_06840.jpg,83
24/image_06846.jpg,55
24/image_08048.jpg,8
24/image_08052.jpg,64
25/image_06587.jpg,78
25/image_06598.jpg,6
25/image_06600.jpg,61
25/image_06607.jpg,50
25/image_06610.jpg,90
26/image_06487.jpg,13
26/image_06490.jpg,42
26/image_06503.jpg,90
26/image_06505.jpg,37
26/image_06507.jpg,95
26/image_06513.jpg,64
26/image_06514.jpg,37
26/image_06519.jpg,5
26/image_06522.jpg,56
26/image_06527.jpg,37
27/image_06850.jpg,78
27/image_06869.jpg,97
27/image_06870.jpg,76
27/image_06880.jpg,17
27/image_06881.jpg,58
27/image_06882.jpg,46
27/image_06889.jpg,77
28/image_05214.jpg,98
28/image_05220.jpg,70
28/image_05233.jpg,88
28/image_05235.jpg,80
28/image_05237.jpg,9
28/image_05238.jpg,86
28/image_05245.jpg,14
28/image_05248.jpg,91
28/image_05256.jpg,8
28/image_05264.jpg,57
28/image_05271.jpg,77
28/image_05272.jpg,58
29/image_04082.jpg,63
29/image_04086.jpg,87
29/image_04089.jpg,33
29/image_04090.jpg,23
29/image_04102.jpg,88
29/image_04105.jpg,78
29/image_04106.jpg,89
29/image_04107.jpg,97
29/image_04111.jpg,7
29/image_04119.jpg,56
29/image_04122.jpg,78
29/image_04130.jpg,50
29/image_04141.jpg,5
29/image_04149.jpg,92
29/image_04151.jpg,71
29/image_04154.jpg,80
29/image_04156.jpg,54
3/image_06613.jpg,76
3/image_06615.jpg,37
3/image_06631.jpg,75
3/image_06632.jpg,14
3/image_06644.jpg,75
3/image_06649.jpg,78
3/image_06650.jpg,52
30/image_03467.jpg,91
30/image_03468.jpg,58
30/image_03472.jpg,75
30/image_03474.jpg,54
30/image_03476.jpg,81
30/image_03480.jpg,53
30/image_03481.jpg,81
30/image_03487.jpg,44
30/image_03488.jpg,12
30/image_03491.jpg,81
30/image_03500.jpg,61
30/image_03507.jpg,73
30/image_03518.jpg,65
30/image_03519.jpg,54
30/image_03529.jpg,46
30/image_03539.jpg,77
30/image_03544.jpg,86
31/image_06891.jpg,75
31/image_06897.jpg,10
31/image_06899.jpg,85
31/image_06903.jpg,60
31/image_06915.jpg,51
31/image_06917.jpg,70
31/image_06918.jpg,15
31/image_06920.jpg,70
31/image_06922.jpg,46
31/image_06926.jpg,33
31/image_08065.jpg,85
31/image_08070.jpg,7
31/image_08074.jpg,51
31/image_08077.jpg,80
32/image_05585.jpg,88
32/image_05588.jpg,81
32/image_05592.jpg,7
32/image_05600.jpg,84
32/image_05602.jpg,5
32/image_05603.jpg,2
32/image_05605.jpg,75
32/image_05607.jpg,83
32/image_05610.jpg,52
32/image_05617.jpg,35
32/image_05621.jpg,6
33/image_06443.jpg,78
33/image_06450.jpg,73
33/image_06467.jpg,59
33/image_06469.jpg,95
33/image_06472.jpg,13
33/image_06480.jpg,24
33/image_06482.jpg,87
34/image_06929.jpg,80
34/image_06930.jpg,13
34/image_06935.jpg,78
34/image_06941.jpg,14
34/image_06947.jpg,41
34/image_06948.jpg,52
34/image_06954.jpg,64
34/image_06963.jpg,86
34/image_06966.jpg,81
34/image_06967.jpg,58
35/image_06979.jpg,94
35/image_06982.jpg,61
35/image_06994.jpg,73
35/image_06999.jpg,65
35/image_07001.jpg,69
35/image_07002.jpg,74
35/image_07006.jpg,58
35/image_08084.jpg,80
35/image_08086.jpg,58
35/image_08087.jpg,78
36/image_04326.jpg,38
36/image_04331.jpg,59
36/image_04336.jpg,46
36/image_04342.jpg,95
36/image_04347.jpg,46
36/image_04348.jpg,65
36/image_04351.jpg,78
36/image_04369.jpg,64
36/image_04371.jpg,47
36/image_04392.jpg,58
36/image_04393.jpg,78
36/image_04397.jpg,7
37/image_03735.jpg,70
37/image_03740.jpg,56
37/image_03746.jpg,91
37/image_03747.jpg,41
37/image_03756.jpg,70
37/image_03758.jpg,29
37/image_03761.jpg,70
37/image_03775.jpg,77
37/image_03776.jpg,89
37/image_03794.jpg,46
37/image_03799.jpg,59
37/image_03803.jpg,88
37/image_03805.jpg,47
37/image_03810.jpg,33
37/image_03812.jpg,17
37/image_03813.jpg,90
37/image_03817.jpg,71
37/image_03820.jpg,67
37/image_03822.jpg,53
37/image_03826.jpg,81
37/image_03827.jpg,6
37/image_07286.jpg,2
38/image_05803.jpg,90
38/image_05811.jpg,29
38/image_05815.jpg,82
38/image_05817.jpg,81
38/image_05822.jpg,60
38/image_05829.jpg,35
38/image_05830.jpg,73
38/image_05842.jpg,87
38/image_05845.jpg,75
39/image_07008.jpg,70
39/image_07009.jpg,74
39/image_07014.jpg,75
39/image_07018.jpg,41
39/image_07020.jpg,14
39/image_07027.jpg,56
39/image_07039.jpg,52
39/image_07040.jpg,57
39/image_07041.jpg,73
39/image_07044.jpg,21
39/image_08081.jpg,60
4/image_05636.jpg,43
4/image_05644.jpg,44
4/image_05646.jpg,95
4/image_05647.jpg,59
4/image_05649.jpg,80
4/image_05650.jpg,92
4/image_05667.jpg,61
4/image_05673.jpg,95
4/image_05676.jpg,51
4/image_05679.jpg,81
40/image_04561.jpg,56
40/image_04563.jpg,98
40/image_04565.jpg,71
40/image_04572.jpg,6
40/image_04576.jpg,51
40/image_04580.jpg,77
40/image_04587.jpg,78
40/image_04591.jpg,57
40/image_04594.jpg,62
40/image_04596.jpg,58
40/image_04600.jpg,74
40/image_04604.jpg,77
40/image_04615.jpg,66
40/image_04618.jpg,77
41/image_02190.jpg,47
41/image_02191.jpg,38
41/image_02195.jpg,70
41/image_02196.jpg,13
41/image_02198.jpg,78
41/image_02207.jpg,59
41/image_02211.jpg,89
41/image_02215.jpg,91
41/image_02219.jpg,82
41/image_02224.jpg,75
41/image_02228.jpg,65
41/image_02232.jpg,64
41/image_02233.jpg,54
41/image_02243.jpg,89
41/image_02244.jpg,89
41/image_02250.jpg,13
41/image_02254.jpg,77
41/image_02257.jpg,81
41/image_02258.jpg,75
41/image_02270.jpg,6
41/image_02274.jpg,81
41/image_02276.jpg,81
41/image_02277.jpg,51
41/image_02279.jpg,6
41/image_02280.jpg,95
41/image_02282.jpg,81
41/image_02284.jpg,46
41/image_02292.jpg,73
41/image_02293.jpg,81
41/image_02295.jpg,73
42/image_05688.jpg,5
42/image_05689.jpg,67
42/image_05692.jpg,91
42/image_05693.jpg,38
42/image_05698.jpg,78
42/image_05715.jpg,70
42/image_05718.jpg,99
42/image_05722.jpg,95
42/image_05723.jpg,70
42/image_05725.jpg,51
42/image_05728.jpg,33
42/image_05731.jpg,78
42/image_05733.jpg,71
42/image_05734.jpg,15
42/image_05736.jpg,74
42/image_05738.jpg,13
43/image_02332.jpg,81
43/image_02337.jpg,12
43/image_02342.jpg,42
43/image_02343.jpg,78
43/image_02344.jpg,88
43/image_02348.jpg,12
43/image_02349.jpg,44
43/image_02356.jpg,64
43/image_02362.jpg,75
43/image_02364.jpg,8
43/image_02371.jpg,46
43/image_02373.jpg,78
43/image_02375.jpg,74
43/image_02381.jpg,101
43/image_02384.jpg,54
43/image_02385.jpg,78
43/image_02393.jpg,27
43/image_02402.jpg,59
43/image_02406.jpg,75
43/image_02408.jpg,75
43/image_02410.jpg,92
43/image_02413.jpg,80
43/image_02417.jpg,43
43/image_02434.jpg,75
43/image_02437.jpg,78
43/image_02438.jpg,86
43/image_02441.jpg,30
43/image_02445.jpg,81
44/image_01491.jpg,78
44/image_01495.jpg,59
44/image_01503.jpg,3
44/image_01505.jpg,71
44/image_01513.jpg,81
44/image_01515.jpg,59
44/image_01517.jpg,89
44/image_01518.jpg,12
44/image_01520.jpg,76
44/image_01521.jpg,94
44/image_01525.jpg,12
44/image_01530.jpg,6
44/image_01531.jpg,38
44/image_01532.jpg,22
44/image_01534.jpg,14
44/image_01539.jpg,56
44/image_01544.jpg,100
44/image_01551.jpg,77
44/image_01553.jpg,2
44/image_01560.jpg,46
44/image_01561.jpg,38
44/image_01564.jpg,10
44/image_01571.jpg,37
44/image_01572.jpg,81
44/image_01573.jpg,27
44/image_01579.jpg,95
44/image_01581.jpg,38
45/image_07123.jpg,8
45/image_07129.jpg,77
45/image_07133.jpg,100
45/image_07140.jpg,77
45/image_07145.jpg,81
45/image_07158.jpg,59
45/image_07161.jpg,81
46/image_00949.jpg,38
46/image_00950.jpg,51
46/image_00952.jpg,80
46/image_00959.jpg,46
46/image_00964.jpg,81
46/image_00972.jpg,95
46/image_00977.jpg,14
46/image_00980.jpg,49
46/image_00986.jpg,12
46/image_00999.jpg,6
46/image_01008.jpg,78
46/image_01009.jpg,17
46/image_01015.jpg,7
46/image_01017.jpg,82
46/image_01021.jpg,70
46/image_01029.jpg,80
46/image_01035.jpg,42
46/image_01037.jpg,75
46/image_01039.jpg,52
46/image_01042.jpg,55
46/image_01049.jpg,87
46/image_01050.jpg,41
46/image_01053.jpg,88
46/image_01058.jpg,35
46/image_01059.jpg,97
46/image_01069.jpg,73
46/image_01075.jpg,58
46/image_01082.jpg,59
46/image_01083.jpg,46
46/image_01085.jpg,97
46/image_01087.jpg,2
46/image_01094.jpg,55
46/image_01099.jpg,75
46/image_01105.jpg,29
46/image_01106.jpg,35
46/image_01107.jpg,44
46/image_01118.jpg,75
46/image_01125.jpg,29
46/image_01128.jpg,38
46/image_01130.jpg,33
46/image_01131.jpg,51
46/image_01132.jpg,81
46/image_01136.jpg,2
47/image_04960.jpg,78
47/image_04961.jpg,27
47/image_04964.jpg,81
47/image_04965.jpg,60
47/image_04968.jpg,52
47/image_04972.jpg,91
47/image_04973.jpg,33
47/image_04982.jpg,74
47/image_04987.jpg,75
47/image_04992.jpg,73
47/image_04994.jpg,61
47/image_04995.jpg,78
47/image_05000.jpg,92
47/image_05005.jpg,65
47/image_05007.jpg,48
47/image_05012.jpg,65
47/image_05016.jpg,73
47/image_05018.jpg,14
48/image_04625.jpg,75
48/image_04630.jpg,49
48/image_04632.jpg,78
48/image_04635.jpg,21
48/image_04638.jpg,66
48/image_04643.jpg,17
48/image_04644.jpg,73
48/image_04650.jpg,80
48/image_04657.jpg,81
48/image_04658.jpg,89
48/image_04662.jpg,71
48/image_04665.jpg,51
48/image_04667.jpg,44
48/image_04678.jpg,29
48/image_04695.jpg,63
49/image_06205.jpg,77
49/image_06215.jpg,89
49/image_06221.jpg,71
49/image_06224.jpg,77
49/image_06225.jpg,47
49/image_06231.jpg,26
49/image_06232.jpg,73
49/image_06243.jpg,16
5/image_05152.jpg,2
5/image_05154.jpg,6
5/image_05156.jpg,58
5/image_05161.jpg,14
5/image_05167.jpg,94
5/image_05181.jpg,5
5/image_05197.jpg,51
5/image_05209.jpg,26
50/image_06300.jpg,56
50/image_06309.jpg,17
50/image_06311.jpg,91
50/image_06315.jpg,81
50/image_06325.jpg,81
50/image_06333.jpg,77
50/image_06334.jpg,46
50/image_06337.jpg,2
50/image_06340.jpg,56
50/image_06345.jpg,66
50/image_06532.jpg,67
50/image_06534.jpg,102
50/image_06536.jpg,78
50/image_06537.jpg,73
50/image_06542.jpg,17
50/image_06553.jpg,91
50/image_06558.jpg,58
50/image_06560.jpg,91
50/image_06569.jpg,80
50/image_06570.jpg,5
51/image_01318.jpg,20
51/image_01324.jpg,58
51/image_01332.jpg,75
51/image_01333.jpg,83
51/image_01341.jpg,78
51/image_01343.jpg,70
51/image_01348.jpg,35
51/image_01351.jpg,31
51/image_01353.jpg,89
51/image_01355.jpg,13
51/image_01356.jpg,70
51/image_01357.jpg,78
51/image_01367.jpg,51
51/image_01379.jpg,62
51/image_01384.jpg,70
51/image_01409.jpg,57
51/image_01414.jpg,89
51/image_01416.jpg,36
51/image_01417.jpg,8
51/image_01418.jpg,73
51/image_01422.jpg,66
51/image_01427.jpg,47
51/image_01428.jpg,76
51/image_01432.jpg,52
51/image_01437.jpg,46
51/image_01438.jpg,28
51/image_01442.jpg,7
51/image_01444.jpg,32
51/image_01451.jpg,12
51/image_01452.jpg,83
51/image_01456.jpg,86
51/image_01458.jpg,16
51/image_01459.jpg,77
51/image_01460.jpg,71
51/image_01461.jpg,58
51/image_01464.jpg,6
51/image_01469.jpg,61
51/image_01472.jpg,59
51/image_01474.jpg,51
51/image_01476.jpg,33
51/image_01483.jpg,49
51/image_01484.jpg,75
51/image_01485.jpg,7
51/image_01488.jpg,44
51/image_03920.jpg,98
51/image_03922.jpg,93
51/image_03939.jpg,71
51/image_03941.jpg,90
51/image_03945.jpg,52
51/image_03954.jpg,55
51/image_03966.jpg,13
51/image_03968.jpg,78
51/image_03978.jpg,80
51/image_03980.jpg,33
51/image_03990.jpg,59
52/image_04161.jpg,82
52/image_04165.jpg,25
52/image_04168.jpg,60
52/image_04169.jpg,38
52/image_04170.jpg,89
52/image_04172.jpg,30
52/image_04175.jpg,8
52/image_04177.jpg,68
52/image_04185.jpg,80
52/image_04186.jpg,74
52/image_04191.jpg,7
52/image_04193.jpg,31
52/image_04194.jpg,59
52/image_04196.jpg,31
52/image_04203.jpg,48
52/image_04204.jpg,14
52/image_04208.jpg,81
52/image_04213.jpg,76
52/image_04214.jpg,50
52/image_04221.jpg,29
52/image_04222.jpg,74
52/image_04225.jpg,17
52/image_04227.jpg,41
52/image_04233.jpg,56
52/image_04235.jpg,8
52/image_04236.jpg,74
53/image_03645.jpg,26
53/image_03646.jpg,38
53/image_03649.jpg,17
53/image_03657.jpg,81
53/image_03665.jpg,83
53/image_03666.jpg,29
53/image_03671.jpg,51
53/image_03672.jpg,65
53/image_03676.jpg,37
53/image_03686.jpg,80
53/image_03693.jpg,81
53/image_03701.jpg,28
53/image_03708.jpg,13
53/image_03709.jpg,81
53/image_03712.jpg,59
53/image_03715.jpg,13
53/image_03717.jpg,51
53/image_03718.jpg,2
53/image_03719.jpg,88
53/image_03726.jpg,98
54/image_05402.jpg,74
54/image_05406.jpg,46
54/image_05408.jpg,68
54/image_05412.jpg,26
54/image_05418.jpg,38
54/image_05419.jpg,66
54/image_05421.jpg,31
54/image_05426.jpg,73
54/image_05428.jpg,52
54/image_05430.jpg,82
54/image_05437.jpg,38
55/image_04701.jpg,91
55/image_04702.jpg,75
55/image_04712.jpg,101
55/image_04715.jpg,60
55/image_04716.jpg,23
55/image_04719.jpg,65
55/image_04722.jpg,48
55/image_04724.jpg,89
55/image_04728.jpg,81
55/image_04736.jpg,96
55/image_04738.jpg,82
55/image_04739.jpg,13
55/image_04747.jpg,80
55/image_04753.jpg,89
55/image_04759.jpg,54
55/image_04761.jpg,65
55/image_04766.jpg,59
56/image_02757.jpg,45
56/image_02759.jpg,49
56/image_02760.jpg,88
56/image_02761.jpg,77
56/image_02763.jpg,45
56/image_02767.jpg,78
56/image_02770.jpg,29
56/image_02772.jpg,51
56/image_02779.jpg,66
56/image_02785.jpg,9
56/image_02794.jpg,92
56/image_02797.jpg,76
56/image_02801.jpg,7
56/image_02809.jpg,38
56/image_02822.jpg,37
56/image_02825.jpg,30
56/image_02827.jpg,8
56/image_02832.jpg,97
56/image_02833.jpg,33
56/image_02838.jpg,9
56/image_02841.jpg,29
56/image_02843.jpg,44
56/image_02846.jpg,75
56/image_02850.jpg,57
56/image_02851.jpg,76
57/image_07250.jpg,80
57/image_07256.jpg,74
57/image_07262.jpg,74
57/image_08124.jpg,60
57/image_08128.jpg,85
57/image_08130.jpg,7
57/image_08133.jpg,48
57/image_08138.jpg,71
57/image_08142.jpg,21
57/image_08143.jpg,78
57/image_08150.jpg,17
58/image_02645.jpg,91
58/image_02649.jpg,55
58/image_02651.jpg,63
58/image_02652.jpg,43
58/image_02653.jpg,12
58/image_02654.jpg,77
58/image_02655.jpg,24
58/image_02659.jpg,78
58/image_02671.jpg,36
58/image_02673.jpg,59
58/image_02675.jpg,9
58/image_02676.jpg,47
58/image_02679.jpg,75
58/image_02683.jpg,6
58/image_02685.jpg,75
58/image_02689.jpg,38
58/image_02697.jpg,42
58/image_02698.jpg,83
58/image_02701.jpg,64
58/image_02702.jpg,81
58/image_02703.jpg,82
58/image_02706.jpg,83
58/image_02715.jpg,47
58/image_02717.jpg,78
58/image_02724.jpg,1
58/image_02727.jpg,77
58/image_02729.jpg,81
58/image_02731.jpg,97
58/image_02735.jpg,8
58/image_02737.jpg,52
58/image_02738.jpg,98
58/image_02747.jpg,6
58/image_02752.jpg,60
59/image_05029.jpg,102
59/image_05030.jpg,77
59/image_05032.jpg,91
59/image_05038.jpg,90
59/image_05040.jpg,19
59/image_05043.jpg,47
59/image_05051.jpg,91
59/image_05055.jpg,51
59/image_05056.jpg,61
59/image_05058.jpg,81
59/image_05060.jpg,76
59/image_05061.jpg,47
59/image_05064.jpg,78
59/image_05071.jpg,38
59/image_05074.jpg,55
59/image_05075.jpg,100
59/image_05082.jpg,30
59/image_05086.jpg,45
6/image_07162.jpg,13
6/image_07165.jpg,94
6/image_07170.jpg,14
6/image_07176.jpg,20
6/image_07185.jpg,102
6/image_07186.jpg,75
6/image_07190.jpg,59
6/image_07191.jpg,15
6/image_08106.jpg,70
6/image_08111.jpg,38
60/image_02928.jpg,54
60/image_02933.jpg,74
60/image_02935.jpg,57
60/image_02939.jpg,75
60/image_02941.jpg,85
60/image_02954.jpg,91
60/image_02961.jpg,85
60/image_02964.jpg,91
60/image_02976.jpg,91
60/image_02978.jpg,2
60/image_02979.jpg,48
60/image_02980.jpg,78
60/image_02993.jpg,85
60/image_02998.jpg,64
60/image_03015.jpg,77
60/image_03020.jpg,82
60/image_03027.jpg,8
61/image_06252.jpg,46
61/image_06254.jpg,85
61/image_06256.jpg,77
61/image_06274.jpg,70
61/image_06280.jpg,41
61/image_06281.jpg,69
61/image_06282.jpg,80
61/image_06293.jpg,14
62/image_07270.jpg,95
62/image_07278.jpg,12
62/image_07283.jpg,5
62/image_08154.jpg,78
62/image_08156.jpg,77
62/image_08159.jpg,18
62/image_08161.jpg,73
62/image_08166.jpg,74
62/image_08186.jpg,63
63/image_05854.jpg,36
63/image_05859.jpg,81
63/image_05862.jpg,74
63/image_05863.jpg,89
63/image_05864.jpg,77
63/image_05868.jpg,68
63/image_05869.jpg,57
63/image_05871.jpg,67
63/image_05878.jpg,81
63/image_05879.jpg,75
63/image_05884.jpg,14
63/image_05890.jpg,77
63/image_05893.jpg,71
63/image_05894.jpg,24
63/image_05896.jpg,78
63/image_05898.jpg,81
63/image_05900.jpg,75
64/image_06097.jpg,70
64/image_06100.jpg,6
64/image_06104.jpg,77
64/image_06108.jpg,58
64/image_06112.jpg,83
64/image_06121.jpg,7
64/image_06123.jpg,81
64/image_06124.jpg,80
64/image_06131.jpg,30
64/image_06132.jpg,75
64/image_06134.jpg,9
64/image_06135.jpg,13
64/image_06144.jpg,59
65/image_03192.jpg,54
65/image_03194.jpg,81
65/image_03202.jpg,12
65/image_03207.jpg,94
65/image_03209.jpg,13
65/image_03210.jpg,88
65/image_03212.jpg,91
65/image_03214.jpg,65
65/image_03220.jpg,65
65/image_03231.jpg,80
65/image_03233.jpg,2
65/image_03240.jpg,23
65/image_03241.jpg,77
65/image_03258.jpg,65
65/image_03259.jpg,76
65/image_03265.jpg,66
65/image_03267.jpg,58
65/image_03273.jpg,29
65/image_03276.jpg,9
66/image_05524.jpg,78
66/image_05527.jpg,13
66/image_05530.jpg,35
66/image_05539.jpg,77
66/image_05540.jpg,82
66/image_05541.jpg,54
66/image_05553.jpg,77
66/image_05563.jpg,91
66/image_05569.jpg,13
66/image_05573.jpg,77
66/image_05574.jpg,78
66/image_05577.jpg,89
66/image_05583.jpg,6
67/image_07046.jpg,26
67/image_07050.jpg,79
67/image_07051.jpg,74
67/image_07052.jpg,60
67/image_07053.jpg,29
67/image_07056.jpg,75
67/image_07058.jpg,85
67/image_07060.jpg,44
67/image_07064.jpg,56
67/image_07068.jpg,84
67/image_07069.jpg,51
67/image_07078.jpg,65
67/image_07079.jpg,35
68/image_05903.jpg,29
68/image_05904.jpg,25
68/image_05906.jpg,78
68/image_05907.jpg,15
68/image_05909.jpg,78
68/image_05911.jpg,50
68/image_05916.jpg,23
68/image_05926.jpg,77
68/image_05928.jpg,13
68/image_05933.jpg,6
68/image_05941.jpg,78
68/image_05945.jpg,78
68/image_05950.jpg,78
68/image_05954.jpg,51
68/image_05955.jpg,44
69/image_05959.jpg,6
69/image_05961.jpg,67
69/image_05964.jpg,77
69/image_05967.jpg,12
69/image_05969.jpg,73
69/image_05974.jpg,50
69/image_05982.jpg,77
69/image_05984.jpg,69
69/image_05985.jpg,77
69/image_05992.jpg,70
69/image_05994.jpg,73
69/image_05995.jpg,14
69/image_05997.jpg,84
69/image_05999.jpg,75
69/image_06000.jpg,88
69/image_06004.jpg,5
69/image_06007.jpg,13
7/image_07200.jpg,50
7/image_07201.jpg,35
7/image_07221.jpg,74
7/image_07228.jpg,75
7/image_07231.jpg,57
70/image_05283.jpg,78
70/image_05284.jpg,57
70/image_05285.jpg,77
70/image_05287.jpg,14
70/image_05289.jpg,77
70/image_05293.jpg,90
70/image_05308.jpg,81
70/image_05310.jpg,82
70/image_05311.jpg,77
70/image_05318.jpg,1
70/image_05325.jpg,75
70/image_05326.jpg,51
70/image_05330.jpg,64
70/image_05335.jpg,58
71/image_04486.jpg,35
71/image_04487.jpg,6
71/image_04489.jpg,60
71/image_04491.jpg,77
71/image_04494.jpg,71
71/image_04497.jpg,75
71/image_04498.jpg,44
71/image_04501.jpg,65
71/image_04506.jpg,33
71/image_04507.jpg,86
71/image_04511.jpg,77
71/image_04514.jpg,58
71/image_04517.jpg,88
71/image_04518.jpg,80
71/image_04522.jpg,88
71/image_04524.jpg,83
71/image_04538.jpg,75
71/image_04539.jpg,14
71/image_04545.jpg,77
71/image_04549.jpg,8
71/image_04555.jpg,97
71/image_04556.jpg,36
72/image_03545.jpg,63
72/image_03562.jpg,90
72/image_03580.jpg,95
72/image_03582.jpg,75
72/image_03591.jpg,64
72/image_03595.jpg,6
72/image_03596.jpg,78
72/image_03598.jpg,78
72/image_03601.jpg,73
72/image_03605.jpg,88
72/image_03612.jpg,74
72/image_03621.jpg,47
72/image_03624.jpg,55
72/image_03628.jpg,69
72/image_03630.jpg,47
72/image_03632.jpg,80
72/image_03639.jpg,102
72/image_03640.jpg,15
73/image_00255.jpg,60
73/image_00258.jpg,26
73/image_00265.jpg,56
73/image_00267.jpg,42
73/image_00269.jpg,89
73/image_00272.jpg,75
73/image_00273.jpg,75
73/image_00278.jpg,67
73/image_00280.jpg,59
73/image_00282.jpg,80
73/image_00286.jpg,94
73/image_00293.jpg,73
73/image_00297.jpg,78
73/image_00302.jpg,76
73/image_00310.jpg,42
73/image_00319.jpg,70
73/image_00322.jpg,80
73/image_00334.jpg,51
73/image_00337.jpg,12
73/image_00338.jpg,52
73/image_00341.jpg,58
73/image_00343.jpg,81
73/image_00354.jpg,71
73/image_00355.jpg,74
73/image_00360.jpg,91
73/image_00364.jpg,41
73/image_00365.jpg,30
73/image_00367.jpg,100
73/image_00372.jpg,80
73/image_00377.jpg,35
73/image_00378.jpg,93
73/image_00381.jpg,82
73/image_00386.jpg,60
73/image_00392.jpg,41
73/image_00398.jpg,63
73/image_00400.jpg,71
73/image_00411.jpg,68
73/image_00420.jpg,46
73/image_00425.jpg,52
73/image_00428.jpg,49
73/image_00429.jpg,79
73/image_00436.jpg,77
73/image_00438.jpg,78
73/image_00440.jpg,78
73/image_00442.jpg,9
73/image_00445.jpg,61
74/image_01143.jpg,70
74/image_01145.jpg,14
74/image_01153.jpg,74
74/image_01161.jpg,91
74/image_01177.jpg,59
74/image_01186.jpg,78
74/image_01196.jpg,69
74/image_01197.jpg,74
74/image_01198.jpg,35
74/image_01204.jpg,77
74/image_01206.jpg,58
74/image_01213.jpg,85
74/image_01215.jpg,78
74/image_01217.jpg,51
74/image_01227.jpg,51
74/image_01238.jpg,86
74/image_01244.jpg,80
74/image_01253.jpg,80
74/image_01260.jpg,78
74/image_01263.jpg,45
74/image_01266.jpg,41
74/image_01267.jpg,69
74/image_01272.jpg,78
74/image_01275.jpg,76
74/image_01283.jpg,75
74/image_01298.jpg,46
74/image_01299.jpg,93
74/image_01302.jpg,58
74/image_01308.jpg,78
74/image_01309.jpg,51
74/image_01311.jpg,82
75/image_02072.jpg,44
75/image_02073.jpg,10
75/image_02077.jpg,82
75/image_02082.jpg,77
75/image_02083.jpg,64
75/image_02086.jpg,81
75/image_02087.jpg,9
75/image_02091.jpg,2
75/image_02093.jpg,60
75/image_02104.jpg,36
75/image_02120.jpg,12
75/image_02132.jpg,52
75/image_02137.jpg,6
75/image_02143.jpg,51
75/image_02158.jpg,37
75/image_02166.jpg,71
75/image_02167.jpg,56
75/image_02175.jpg,46
75/image_02176.jpg,15
75/image_02178.jpg,17
75/image_02187.jpg,95
76/image_02448.jpg,64
76/image_02452.jpg,46
76/image_02453.jpg,32
76/image_02460.jpg,12
76/image_02462.jpg,77
76/image_02464.jpg,1
76/image_02465.jpg,94
76/image_02485.jpg,52
76/image_02487.jpg,101
76/image_02489.jpg,77
76/image_02490.jpg,78
76/image_02498.jpg,27
76/image_02503.jpg,70
76/image_02506.jpg,74
76/image_02507.jpg,47
76/image_02516.jpg,81
76/image_02518.jpg,85
76/image_02522.jpg,60
76/image_02524.jpg,33
76/image_02537.jpg,91
76/image_02542.jpg,59
76/image_02545.jpg,81
77/image_00003.jpg,78
77/image_00004.jpg,30
77/image_00010.jpg,14
77/image_00027.jpg,45
77/image_00033.jpg,47
77/image_00034.jpg,87
77/image_00041.jpg,73
77/image_00048.jpg,85
77/image_00051.jpg,52
77/image_00059.jpg,75
77/image_00060.jpg,78
77/image_00062.jpg,19
77/image_00073.jpg,38
77/image_00076.jpg,100
77/image_00080.jpg,38
77/image_00089.jpg,2
77/image_00099.jpg,30
77/image_00113.jpg,77
77/image_00116.jpg,54
77/image_00123.jpg,15
77/image_00125.jpg,60
77/image_00134.jpg,82
77/image_00136.jpg,82
77/image_00141.jpg,66
77/image_00144.jpg,83
77/image_00152.jpg,61
77/image_00155.jpg,66
77/image_00165.jpg,70
77/image_00167.jpg,71
77/image_00175.jpg,81
77/image_00176.jpg,58
77/image_00186.jpg,81
77/image_00191.jpg,65
77/image_00201.jpg,17
77/image_00202.jpg,52
77/image_00203.jpg,91
77/image_00204.jpg,73
77/image_00210.jpg,77
77/image_00213.jpg,50
77/image_00224.jpg,75
77/image_00230.jpg,75
77/image_00232.jpg,85
77/image_00247.jpg,77
78/image_01827.jpg,78
78/image_01836.jpg,85
78/image_01845.jpg,73
78/image_01847.jpg,70
78/image_01848.jpg,54
78/image_01850.jpg,64
78/image_01857.jpg,81
78/image_01861.jpg,69
78/image_01864.jpg,89
78/image_01865.jpg,73
78/image_01873.jpg,70
78/image_01874.jpg,42
78/image_01882.jpg,75
78/image_01884.jpg,71
78/image_01891.jpg,56
78/image_01900.jpg,24
78/image_01906.jpg,49
78/image_01907.jpg,94
78/image_01910.jpg,81
78/image_01919.jpg,57
78/image_01922.jpg,8
78/image_01925.jpg,70
78/image_01929.jpg,61
78/image_01930.jpg,56
78/image_01935.jpg,58
78/image_01938.jpg,101
78/image_01950.jpg,36
78/image_01952.jpg,65
78/image_01954.jpg,58
79/image_06693.jpg,27
79/image_06696.jpg,78
79/image_06704.jpg,80
79/image_06708.jpg,1
79/image_06709.jpg,66
79/image_06710.jpg,88
79/image_06717.jpg,24
79/image_06720.jpg,81
79/image_06722.jpg,60
79/image_06723.jpg,91
79/image_06727.jpg,66
79/image_06729.jpg,71
8/image_03290.jpg,56
8/image_03291.jpg,6
8/image_03295.jpg,29
8/image_03307.jpg,78
8/image_03309.jpg,77
8/image_03314.jpg,17
8/image_03329.jpg,78
8/image_03332.jpg,75
8/image_03334.jpg,76
8/image_03337.jpg,80
8/image_03340.jpg,2
8/image_03347.jpg,51
8/image_03358.jpg,56
8/image_03359.jpg,85
8/image_03360.jpg,70
8/image_03363.jpg,91
8/image_03367.jpg,64
8/image_03368.jpg,42
80/image_01968.jpg,36
80/image_01969.jpg,42
80/image_01988.jpg,52
80/image_01991.jpg,10
80/image_01997.jpg,50
80/image_01998.jpg,101
80/image_02000.jpg,59
80/image_02007.jpg,80
80/image_02014.jpg,97
80/image_02016.jpg,37
80/image_02021.jpg,60
80/image_02024.jpg,91
80/image_02025.jpg,81
80/image_02026.jpg,7
80/image_02036.jpg,75
80/image_02037.jpg,2
80/image_02042.jpg,78
80/image_02044.jpg,85
80/image_02045.jpg,60
80/image_02050.jpg,91
80/image_02053.jpg,63
80/image_02054.jpg,70
80/image_02055.jpg,79
80/image_02056.jpg,81
80/image_02067.jpg,50
81/image_00785.jpg,85
81/image_00786.jpg,44
81/image_00787.jpg,14
81/image_00790.jpg,10
81/image_00797.jpg,42
81/image_00798.jpg,31
81/image_00799.jpg,77
81/image_00808.jpg,19
81/image_00810.jpg,60
81/image_00816.jpg,64
81/image_00825.jpg,73
81/image_00832.jpg,2
81/image_00833.jpg,73
81/image_00850.jpg,65
81/image_00851.jpg,91
81/image_00853.jpg,94
81/image_00859.jpg,46
81/image_00863.jpg,28
81/image_00869.jpg,77
81/image_00870.jpg,59
81/image_00875.jpg,87
81/image_00894.jpg,7
81/image_00899.jpg,88
81/image_00906.jpg,74
81/image_00910.jpg,80
81/image_00911.jpg,70
81/image_00912.jpg,41
81/image_00913.jpg,14
81/image_00914.jpg,77
81/image_00922.jpg,20
81/image_00927.jpg,10
81/image_00934.jpg,70
81/image_00936.jpg,19
81/image_00940.jpg,88
81/image_00942.jpg,70
82/image_01591.jpg,83
82/image_01598.jpg,52
82/image_01608.jpg,80
82/image_01609.jpg,63
82/image_01610.jpg,75
82/image_01611.jpg,27
82/image_01625.jpg,54
82/image_01626.jpg,78
82/image_01629.jpg,22
82/image_01639.jpg,100
82/image_01645.jpg,89
82/image_01653.jpg,73
82/image_01657.jpg,80
82/image_01659.jpg,81
82/image_01661.jpg,22
82/image_01671.jpg,54
82/image_01681.jpg,52
82/image_01682.jpg,70
82/image_01685.jpg,81
82/image_01687.jpg,91
82/image_01689.jpg,1
82/image_01694.jpg,80
83/image_01697.jpg,15
83/image_01700.jpg,91
83/image_01702.jpg,47
83/image_01703.jpg,88
83/image_01714.jpg,3
83/image_01722.jpg,73
83/image_01727.jpg,52
83/image_01731.jpg,43
83/image_01732.jpg,69
83/image_01735.jpg,91
83/image_01743.jpg,54
83/image_01751.jpg,17
83/image_01753.jpg,65
83/image_01755.jpg,81
83/image_01762.jpg,56
83/image_01766.jpg,78
83/image_01773.jpg,58
83/image_01779.jpg,102
83/image_01786.jpg,17
83/image_01788.jpg,91
83/image_01793.jpg,74
83/image_01797.jpg,81
83/image_01816.jpg,77
83/image_01819.jpg,13
83/image_01826.jpg,13
84/image_02553.jpg,83
84/image_02554.jpg,75
84/image_02555.jpg,46
84/image_02565.jpg,48
84/image_02567.jpg,73
84/image_02568.jpg,102
84/image_02572.jpg,17
84/image_02573.jpg,36
84/image_02595.jpg,95
84/image_02610.jpg,75
84/image_02611.jpg,38
84/image_02614.jpg,78
84/image_02616.jpg,76
84/image_02622.jpg,1
84/image_02624.jpg,3
84/image_02636.jpg,89
85/image_04770.jpg,7
85/image_04777.jpg,78
85/image_04779.jpg,29
85/image_04782.jpg,14
85/image_04785.jpg,59
85/image_04790.jpg,75
85/image_04801.jpg,58
85/image_04802.jpg,23
85/image_04806.jpg,47
85/image_04811.jpg,31
85/image_04815.jpg,80
85/image_04816.jpg,80
85/image_04820.jpg,6
85/image_04822.jpg,85
85/image_07301.jpg,17
86/image_02871.jpg,41
86/image_02873.jpg,48
86/image_02876.jpg,79
86/image_02877.jpg,83
86/image_02878.jpg,91
86/image_02882.jpg,60
86/image_02888.jpg,41
86/image_02905.jpg,9
86/image_02906.jpg,78
86/image_02907.jpg,17
86/image_02911.jpg,51
86/image_02915.jpg,7
87/image_05461.jpg,63
87/image_05462.jpg,88
87/image_05467.jpg,49
87/image_05469.jpg,81
87/image_05474.jpg,88
87/image_05477.jpg,80
87/image_05493.jpg,19
87/image_05499.jpg,73
87/image_05501.jpg,51
87/image_05502.jpg,46
87/image_05505.jpg,17
87/image_05508.jpg,78
87/image_05516.jpg,65
87/image_05521.jpg,2
88/image_00447.jpg,58
88/image_00448.jpg,26
88/image_00455.jpg,28
88/image_00457.jpg,8
88/image_00462.jpg,36
88/image_00464.jpg,15
88/image_00469.jpg,75
88/image_00471.jpg,64
88/image_00475.jpg,80
88/image_00476.jpg,56
88/image_00485.jpg,59
88/image_00490.jpg,91
88/image_00494.jpg,94
88/image_00499.jpg,75
88/image_00500.jpg,73
88/image_00501.jpg,70
88/image_00506.jpg,35
88/image_00509.jpg,89
88/image_00510.jpg,57
88/image_00517.jpg,38
88/image_00520.jpg,65
88/image_00526.jpg,82
88/image_00532.jpg,14
88/image_00533.jpg,78
88/image_00534.jpg,94
88/image_00539.jpg,63
88/image_00540.jpg,88
88/image_00543.jpg,82
88/image_00547.jpg,82
88/image_00560.jpg,78
88/image_00562.jpg,38
88/image_00571.jpg,78
88/image_00573.jpg,36
88/image_00583.jpg,8
88/image_00589.jpg,77
89/image_00600.jpg,92
89/image_00613.jpg,81
89/image_00619.jpg,89
89/image_00624.jpg,38
89/image_00625.jpg,77
89/image_00631.jpg,89
89/image_00632.jpg,82
89/image_00634.jpg,81
89/image_00638.jpg,83
89/image_00641.jpg,78
89/image_00647.jpg,51
89/image_00651.jpg,81
89/image_00652.jpg,78
89/image_00656.jpg,64
89/image_00657.jpg,47
89/image_00661.jpg,47
89/image_00662.jpg,78
89/image_00664.jpg,82
89/image_00673.jpg,73
89/image_00674.jpg,77
89/image_00678.jpg,96
89/image_00680.jpg,77
89/image_00682.jpg,13
89/image_00685.jpg,81
89/image_00689.jpg,75
89/image_00690.jpg,80
89/image_00699.jpg,51
89/image_00709.jpg,102
89/image_00716.jpg,54
89/image_00717.jpg,48
89/image_00720.jpg,66
89/image_00725.jpg,44
89/image_00730.jpg,50
89/image_00741.jpg,36
89/image_00742.jpg,78
89/image_00750.jpg,77
89/image_00764.jpg,81
89/image_00766.jpg,25
89/image_00769.jpg,7
89/image_00778.jpg,83
89/image_00779.jpg,29
9/image_06397.jpg,52
9/image_06400.jpg,77
9/image_06406.jpg,20
9/image_06411.jpg,41
9/image_06422.jpg,13
9/image_06425.jpg,14
9/image_06427.jpg,91
9/image_06429.jpg,77
9/image_06432.jpg,7
9/image_06433.jpg,58
9/image_06435.jpg,78
9/image_06436.jpg,59
90/image_04401.jpg,43
90/image_04409.jpg,73
90/image_04417.jpg,64
90/image_04419.jpg,35
90/image_04421.jpg,54
90/image_04427.jpg,58
90/image_04429.jpg,75
90/image_04433.jpg,52
90/image_04436.jpg,7
90/image_04440.jpg,77
90/image_04445.jpg,9
90/image_04448.jpg,48
90/image_04450.jpg,49
90/image_04467.jpg,46
90/image_04470.jpg,63
90/image_04472.jpg,89
90/image_04475.jpg,51
91/image_04829.jpg,50
91/image_04833.jpg,77
91/image_04841.jpg,88
91/image_04846.jpg,81
91/image_04850.jpg,37
91/image_04852.jpg,81
91/image_04860.jpg,70
91/image_04861.jpg,70
91/image_04864.jpg,60
91/image_04872.jpg,48
91/image_04874.jpg,75
91/image_04878.jpg,65
91/image_04879.jpg,64
91/image_04882.jpg,101
91/image_04891.jpg,33
91/image_04893.jpg,61
91/image_08054.jpg,88
92/image_03036.jpg,78
92/image_03042.jpg,28
92/image_03045.jpg,37
92/image_03046.jpg,35
92/image_03050.jpg,92
92/image_03053.jpg,57
92/image_03055.jpg,73
92/image_03056.jpg,71
92/image_03059.jpg,75
92/image_03062.jpg,81
92/image_03064.jpg,73
92/image_03070.jpg,81
92/image_03071.jpg,91
92/image_03072.jpg,70
92/image_03073.jpg,14
92/image_03078.jpg,74
92/image_03088.jpg,70
93/image_06015.jpg,91
93/image_06020.jpg,95
93/image_06028.jpg,2
93/image_06029.jpg,52
93/image_06031.jpg,21
93/image_06032.jpg,70
93/image_06034.jpg,70
93/image_06035.jpg,58
93/image_06044.jpg,73
93/image_06047.jpg,51
93/image_08112.jpg,28
94/image_07308.jpg,29
94/image_07318.jpg,77
94/image_07334.jpg,86
94/image_07339.jpg,78
94/image_07340.jpg,81
94/image_07351.jpg,55
94/image_07353.jpg,28
94/image_07357.jpg,65
94/image_07361.jpg,20
94/image_07363.jpg,38
94/image_07367.jpg,77
94/image_07368.jpg,64
94/image_07370.jpg,36
94/image_07371.jpg,82
94/image_07378.jpg,38
94/image_07383.jpg,8
94/image_07387.jpg,91
94/image_07404.jpg,82
94/image_07421.jpg,52
94/image_07434.jpg,13
94/image_07437.jpg,52
94/image_07442.jpg,28
94/image_07444.jpg,30
94/image_07448.jpg,75
94/image_07456.jpg,101
94/image_07460.jpg,71
95/image_07483.jpg,83
95/image_07488.jpg,31
95/image_07492.jpg,30
95/image_07496.jpg,22
95/image_07502.jpg,81
95/image_07508.jpg,12
95/image_07509.jpg,83
95/image_07520.jpg,59
95/image_07523.jpg,51
95/image_07524.jpg,81
95/image_07527.jpg,42
95/image_07537.jpg,6
95/image_07539.jpg,10
95/image_07547.jpg,29
95/image_07548.jpg,8
95/image_07553.jpg,77
95/image_07556.jpg,70
95/image_07561.jpg,38
95/image_07570.jpg,56
95/image_07571.jpg,77
95/image_07574.jpg,48
95/image_07578.jpg,88
95/image_07589.jpg,78
96/image_07598.jpg,95
96/image_07604.jpg,56
96/image_07607.jpg,77
96/image_07613.jpg,9
96/image_07618.jpg,88
96/image_07629.jpg,52
96/image_07630.jpg,50
96/image_07634.jpg,63
96/image_07636.jpg,2
96/image_07653.jpg,64
96/image_07670.jpg,95
96/image_07672.jpg,75
96/image_07675.jpg,74
96/image_07677.jpg,42
97/image_07687.jpg,71
97/image_07699.jpg,54
97/image_07710.jpg,10
97/image_07711.jpg,58
97/image_07716.jpg,52
97/image_07720.jpg,38
97/image_07721.jpg,33
97/image_07724.jpg,8
98/image_07758.jpg,94
98/image_07764.jpg,78
98/image_07766.jpg,89
98/image_07771.jpg,63
98/image_07772.jpg,52
98/image_07776.jpg,77
98/image_07779.jpg,55
98/image_07780.jpg,41
98/image_07781.jpg,88
98/image_07782.jpg,91
98/image_07784.jpg,75
98/image_07789.jpg,8
98/image_07791.jpg,101
98/image_07797.jpg,65
98/image_07800.jpg,95
98/image_07804.jpg,58
98/image_07811.jpg,78
98/image_07812.jpg,81
98/image_07823.jpg,12
99/image_07847.jpg,86
99/image_07855.jpg,91
99/image_07856.jpg,77
99/image_07857.jpg,73
99/image_07869.jpg,47
99/image_07870.jpg,92
99/image_07872.jpg,69
99/image_07873.jpg,52
99/image_07877.jpg,54
99/image_07879.jpg,73
99/image_07882.jpg,78
99/image_07883.jpg,58
99/image_07887.jpg,33
99/image_08063.jpg,80
